Speed,Peak 1,Exp. Center,Center,Width,Peak 2,Exp. Center,Center,Width,Peak 3,Exp. Center,Center,Width,Peak 4,Exp. Center,Center,Width
440.0,76.27075061455821,1021.5,1015.9468902214214,4.267767562074332,11.688150729011099,1211.0,1203.0995086500427,3.9934286228577345,1.6793139822711154,1277.0,1268.860723343294,5.842993844253794,9.345851436555154,1308.0,1299.9313150677438,3.381610828278474
350.0,43.71489835002116,1021.5,1015.6976479947028,4.80772408557767,6.603542241740346,1211.0,1204.016517909991,3.00991466792616,1.9699990731314594,1277.0,1268.066595040084,5.220537137426337,7.016020278245626,1308.0,1300.6168083558637,4.258824780685007
647.0,130.56307214392686,1021.5,1016.4030491001937,4.023004347117346,22.129503633252877,1211.0,1204.4242750298038,4.6875253133706325,5.62911578397662,1277.0,1268.463809484382,6.729063955100993,14.543589155398523,1308.0,1300.422612182313,5.462446760992153
